Date,Format,Location,Event,Link
"Mon, Jul 11 (8:00 PM)Mon, Jul 18 (8:00 PM)Mon, Jul 25 (8:00 PM)Mon, Aug 1 (8:00 PM)Mon, Aug 8 (8:00 PM)Mon, Aug 15 (8:00 PM)",Online,LocationOnline event,"[Every.Black, LLC] Every.Black Entrepreneur International Masterminds",https://www.eventbrite.com/e/everyblack-entrepreneur-international-masterminds-registration-112624900108?aff=ebdssbonlinesearch
"Tue, 19 Jul (12:00 PM)Tue, 19 Jul (6:00 PM)Tue, 16 Aug (12:00 PM)Tue, 16 Aug (6:00 PM)",Online,LocationOnline event,[Laurier Women Entrepreneurship Centre] Networking for Women Entrepreneurs,https://www.eventbrite.ca/e/networking-for-women-entrepreneurs-tickets-337369299657?aff=ebdssbonlinesearch
"Wed, Jul 13 (11:00 AM)Wed, Jul 20 (11:00 AM)Wed, Jul 27 (11:00 AM)Wed, Aug 3 (11:00 AM)Wed, Aug 10 (11:00 AM)Wed, Aug 17 (11:00 AM)",Online,LocationOnline event,[Aldreama Harper] Networking for Female Entrepreneurs,https://www.eventbrite.com/e/networking-for-female-entrepreneurs-tickets-149483997661?aff=ebdssbonlinesearch
"Fri, 5 Aug (10:30 AM)",Online,LocationOnline event,[Laurier Women Entrepreneurship Centre] Lean In Circle for Entrepreneurs,https://www.eventbrite.ca/e/lean-in-circle-for-entrepreneurs-registration-101769529402?aff=ebdssbonlinesearch
"Sat, 6 Aug (12:00 PM)",Online,LocationOnline event,[www.entrepreneurspoint.com] Black Entrepreneurs' Youth Initiative (BEYI)- Roundtable,https://www.eventbrite.ca/e/black-entrepreneurs-youth-initiative-beyi-roundtable-tickets-161940687957?aff=ebdssbonlinesearch
"Tue, Jul 12 (7:00 PM)Tue, Jul 19 (7:00 PM)Tue, Jul 26 (7:00 PM)Tue, Aug 2 (7:00 PM)Tue, Aug 9 (7:00 PM)Tue, Aug 16 (7:00 PM)",Online,LocationOnline event,"[Every.Black, LLC] Every.Black Caribbean Entrepreneur  Mastermind Meeting",https://www.eventbrite.com/e/everyblack-caribbean-entrepreneur-mastermind-meeting-registration-273417798997?aff=ebdssbonlinesearch
"Tue, Jul 12 (1:00 PM)Tue, Jul 19 (1:00 PM)Tue, Jul 26 (1:00 PM)Tue, Aug 2 (1:00 PM)Tue, Aug 9 (1:00 PM)Tue, Aug 16 (1:00 PM)",Online,LocationOnline event,[Happy Neighborhood Project] Black Entrepreneurs Free Online Networking Event,https://www.eventbrite.com/e/black-entrepreneurs-free-online-networking-event-registration-246425233507?aff=ebdssbonlinesearch
"Wed, Jul 13 (2:00 PM)Wed, Jul 20 (2:00 PM)Wed, Jul 27 (2:00 PM)Wed, Aug 3 (2:00 PM)Wed, Aug 10 (2:00 PM)Wed, Aug 17 (2:00 PM)",Online,LocationOnline event,[Forward Business Coalition] Global Entrepreneurs Network,https://www.eventbrite.com/e/global-entrepreneurs-network-tickets-382552042457?aff=ebdssbonlinesearch
"Fri, 5 Aug (1:00 PM)",Online,LocationOnline event,[YES Employment + Entrepreneurship] ELLEvating Women Entrepreneurs (Workshop),https://www.eventbrite.ca/e/ellevating-women-entrepreneurs-workshop-tickets-228459246757?aff=ebdssbonlinesearch
"Mon, Jul 11 (8:00 PM)Mon, Aug 1 (8:00 PM)",Online,LocationOnline event,[The Audacious Founder] Virtual Mastermind for High Achieving Female Entrepreneurs,https://www.eventbrite.com/e/virtual-mastermind-for-high-achieving-female-entrepreneurs-tickets-157088827913?aff=ebdssbonlinesearch
"Mon, Jul 11 (9:30 AM)Mon, Jul 11 (9:00 PM)Tue, Jul 12 (9:30 AM)Tue, Jul 12 (9:00 PM)Wed, Jul 13 (9:30 AM)Wed, Jul 13 (9:00 PM)Thu, Jul 14 (9:30 AM)Thu, Jul 14 (9:00 PM)Fri, Jul 15 (9:30 AM)Fri, Jul 15 (9:00 PM)Sat, Jul 16 (9:30 AM)Sat, Jul 16 (9:00 PM)Mon, Jul 18 (9:30 AM)Mon, Jul 18 (9:00 PM)Tue, Jul 19 (9:30 AM)Tue, Jul 19 (9:00 PM)Wed, Jul 20 (9:30 AM)Wed, Jul 20 (9:00 PM)Thu, Jul 21 (9:30 AM)Thu, Jul 21 (9:00 PM)Fri, Jul 22 (9:30 AM)Fri, Jul 22 (9:00 PM)Sat, Jul 23 (9:30 AM)Sat, Jul 23 (9:00 PM)Mon, Jul 25 (9:30 AM)Mon, Jul 25 (9:00 PM)Tue, Jul 26 (9:30 AM)Tue, Jul 26 (9:00 PM)Wed, Jul 27 (9:30 AM)Wed, Jul 27 (9:00 PM)Thu, Jul 28 (9:30 AM)Thu, Jul 28 (9:00 PM)Fri, Jul 29 (9:30 AM)Fri, Jul 29 (9:00 PM)Sat, Jul 30 (9:30 AM)Sat, Jul 30 (9:00 PM)Mon, Aug 1 (9:30 AM)Mon, Aug 1 (9:00 PM)Tue, Aug 2 (9:30 AM)Tue, Aug 2 (9:00 PM)Wed, Aug 3 (9:30 AM)Wed, Aug 3 (9:00 PM)Thu, Aug 4 (9:30 AM)Thu, Aug 4 (9:00 PM)Fri, Aug 5 (9:30 AM)Fri, Aug 5 (9:00 PM)Sat, Aug 6 (9:30 AM)Sat, Aug 6 (9:00 PM)Mon, Aug 8 (9:30 AM)Mon, Aug 8 (9:00 PM)",Online,LocationOnline event,[Youth Essentials Pte Ltd] E-Commerce Business for Entrepreneurs,https://www.eventbrite.sg/e/e-commerce-business-for-entrepreneurs-tickets-115218250890?aff=ebdssbonlinesearch
"Date and timeTue, 19 July 202218:00 – 20:00 EDT",Online,LocationOnline event,[Entrepreneurs Collective] New York Startup Pitch Competition & Networking with Investors,https://www.eventbrite.co.uk/e/new-york-startup-pitch-competition-networking-with-investors-tickets-240479349207?aff=ebdssbonlinesearch
"Fri, Aug 12 (12:00 PM)",Online,LocationOnline event,[Idea to IPO] How to Pitch to Investors and Get Funded/Angel Investor Gary Jinks,https://www.eventbrite.com/e/how-to-pitch-to-investors-and-get-fundedangel-investor-gary-jinks-tickets-154764128675?aff=ebdssbonlinesearch
"Wed, Jul 20 (7:00 PM)",Online,LocationOnline event,[Business Prep ] Business Prep - Startups for Entrepreneurs,https://www.eventbrite.com/e/business-prep-startups-for-entrepreneurs-tickets-203511748117?aff=ebdssbonlinesearch
"Tue, Aug 2 (7:00 PM)",Online,LocationOnline event,[Happy Neighborhood Project] Happy Hour Black Entrepreneurs Networking Event,https://www.eventbrite.com/e/happy-hour-black-entrepreneurs-networking-event-registration-322732460477?aff=ebdssbonlinesearch
"Thu, Jul 14 (2:00 PM)Thu, Jul 21 (2:00 PM)Thu, Jul 28 (2:00 PM)Thu, Aug 4 (2:00 PM)Thu, Aug 11 (2:00 PM)Thu, Aug 18 (2:00 PM)",Online,LocationOnline event,"[Every.Black, LLC] Every.Black Africa Entrepreneur Mastermind Meeting",https://www.eventbrite.com/e/everyblack-africa-entrepreneur-mastermind-meeting-registration-273415030717?aff=ebdssbonlinesearch
"Wed, Aug 3 (1:00 PM)",Online,LocationOnline event,[Laura Labovich] The Inspired Entrepreneurs' Network (Network Lead Exchange),https://www.eventbrite.com/e/the-inspired-entrepreneurs-network-network-lead-exchange-tickets-146967585003?aff=ebdssbonlinesearch
"Fri, Aug 5 (11:00 AM)",Online,LocationOnline event,[Social Media Relations] EmpowHer Sisterhood First Friday Conversation Series,https://www.eventbrite.com/e/empowher-sisterhood-first-friday-conversation-series-tickets-75721524117?aff=ebdssbonlinesearch
"Date and timeWed, 3 August 20222:30 PM – 4:30 PM EDT",Online,LocationOnline event,[Laurier Women Entrepreneurship Centre] Ask a Bookkeeper: a Q & A for Women Entrepreneurs,https://www.eventbrite.ca/e/ask-a-bookkeeper-a-q-a-for-women-entrepreneurs-tickets-357764622617?aff=ebdssbonlinesearch
"Tue, Jul 26 (3:00 PM)",Online,LocationOnline event,[LaWanna Ross- Operation HOPE] Be the Boss: Free Entrepreneur & Small Business Workshop,https://www.eventbrite.com/e/be-the-boss-free-entrepreneur-small-business-workshop-tickets-240132732467?aff=ebdssbonlinesearch
"Date and timeFri, July 22, 202211:00 AM – 12:00 PM EDT",Online,LocationOnline event,[Female Millennial Entrepreneurs] July Female Entrepreneur VIRTUAL Coffee Meetup,https://www.eventbrite.com/e/july-female-entrepreneur-virtual-coffee-meetup-tickets-382999199917?aff=ebdssbonlinesearch
"Date and timeWed, 20 July 202218:30 – 19:30 BST",Online,LocationOnline event,[Founders and Mentors] R.E.A.L Entrepreneurs Fireside Chat,https://www.eventbrite.co.uk/e/real-entrepreneurs-fireside-chat-tickets-380016077317?aff=ebdssbonlinesearch
"Date and timeFri, July 29, 202210:00 AM – 11:30 AM CDT",Online,LocationOnline event,[Urban League of Louisiana - Center for Entrepreneurship & Innovation] There’s An App for That!: The Best Business Apps for Entrepreneurs,https://www.eventbrite.com/e/theres-an-app-for-that-the-best-business-apps-for-entrepreneurs-tickets-334981457557?aff=ebdssbonlinesearch
"Wed, 27 Jul (16:00)",Online,LocationOnline event,[Natasha Harris] Free Monthly Masterclass - Business Energetics for Soul-Led Entrepreneurs,https://www.eventbrite.co.uk/e/free-monthly-masterclass-business-energetics-for-soul-led-entrepreneurs-tickets-266140512437?aff=ebdssbonlinesearch
"Tue, Aug 2 (6:00 PM)",Online,LocationOnline event,[Antonio Lynch] Entrepreneur Training Program Webinar,https://www.eventbrite.com/e/entrepreneur-training-program-webinar-tickets-356806998337?aff=ebdssbonlinesearch
"Tue, 12 Jul (5:30 PM)",Online,LocationOnline event,[www.entrepreneurspoint.com] Entrepreneur Exchange (Forum 29),https://www.eventbrite.ca/e/entrepreneur-exchange-forum-29-tickets-161948830311?aff=ebdssbonlinesearch
"Date and timeThu, 28 July 20227:00 PM – 8:00 PM EDT",Online,LocationOnline event,[Laurier Women Entrepreneurship Centre] July Book Club for Women Entrepreneurs,https://www.eventbrite.ca/e/july-book-club-for-women-entrepreneurs-tickets-373262918437?aff=ebdssbonlinesearch
"Wed, Aug 3 (7:00 PM)",Online,LocationOnline event,[The Business of WE (Women Entrepreneurs)] #BIZOFWEConnect Mastermind Kickstarter Event,https://www.eventbrite.com/e/bizofweconnect-mastermind-kickstarter-event-tickets-112538188752?aff=ebdssbonlinesearch
"Date and timeWed, 3 August 20227:00 PM – 8:30 PM EDT",Online,LocationOnline event,[MeetMeHere Entrepreneurs] MeetMeHere Entrepreneurs: Build  Your Business with Instagram,https://www.eventbrite.ca/e/meetmehere-entrepreneurs-build-your-business-with-instagram-tickets-348861081887?aff=ebdssbonlinesearch
"Date and timeWed, 27 July 20221:00 PM – 2:30 PM MDT",Online,LocationOnline event,[Entrepreneur School by KS & Co.] How to Get Results in Your Business: Entrepreneur School,https://www.eventbrite.ca/e/how-to-get-results-in-your-business-entrepreneur-school-tickets-374662043257?aff=ebdssbonlinesearch
,Online,LocationOnline event,[The Funding Game] FREE ONLINE: Should I quit my job to start a business?,https://www.eventbrite.co.uk/e/free-online-should-i-quit-my-job-to-start-a-business-tickets-292698287457?aff=ebdssbonlinesearch
"Fri, 15 Jul (11:00 AM)Fri, 22 Jul (11:00 AM)Fri, 29 Jul (11:00 AM)Fri, 5 Aug (11:00 AM)Fri, 12 Aug (11:00 AM)",Online,LocationOnline event,"[Stairway to Leadership, coaching by Maggie Perotin] Copy of Friday Coffee Connections for Women Entrepreneurs",https://www.eventbrite.ca/e/copy-of-friday-coffee-connections-for-women-entrepreneurs-tickets-277521854337?aff=ebdssbonlinesearch
"Date and timeFri, August 26, 202211:00 AM – 12:00 PM EDT",Online,LocationOnline event,[Female Millennial Entrepreneurs] August Female Entrepreneur VIRTUAL Coffee Meetup,https://www.eventbrite.com/e/august-female-entrepreneur-virtual-coffee-meetup-tickets-383001175827?aff=ebdssbonlinesearch
"Thu, Jul 21 (4:00 PM)Thu, Aug 4 (4:00 PM)Thu, Aug 18 (4:00 PM)",Online,LocationOnline event,[Eugenia Valdes-Balsinde] Networking for Hispanic Women Entrepreneurs,https://www.eventbrite.co.uk/e/networking-for-hispanic-women-entrepreneurs-tickets-210412578687?aff=ebdssbonlinesearch
"Date and timeThu, August 4, 20224:00 PM – 5:00 PM EDT",Online,LocationOnline event,"[Don Bishop -Business Owner, Publisher, Author, Speaker ] (ONLINE) Entrepreneur Networking",https://www.eventbrite.com/e/online-entrepreneur-networking-tickets-324301784367?aff=ebdssbonlinesearch
"Date and timeThu, July 21, 20225:00 PM – 6:00 PM EDT",Online,LocationOnline event,[Nao J. Gamo] Health Tech Entrepreneurs Meetup,https://www.eventbrite.com/e/health-tech-entrepreneurs-meetup-registration-373249688867?aff=ebdssbonlinesearch
"Date and timeThu, July 21, 20224:00 PM – 5:00 PM EDT",Online,LocationOnline event,"[Don Bishop -Business Owner, Publisher, Author, Speaker ] (ONLINE) Entrepreneur Networking",https://www.eventbrite.com/e/online-entrepreneur-networking-tickets-324301242747?aff=ebdssbonlinesearch
"Wed, Jul 20 (12:00 PM)Wed, Aug 17 (12:00 PM)",Online,LocationOnline event,[Sheryl McBride] Employee to Entrepreneur Make the next move,https://www.eventbrite.com/e/employee-to-entrepreneur-make-the-next-move-tickets-251317807327?aff=ebdssbonlinesearch
"Wed, Aug 3 (10:00 AM)",Online,LocationOnline event,[Erin Newman Group LLC] Spiritual Women Entrepreneurs Networking VIRTUAL,https://www.eventbrite.com/e/spiritual-women-entrepreneurs-networking-virtual-tickets-305006351207?aff=ebdssbonlinesearch
"Date and timeThu, July 21, 20228:00 AM – 9:30 AM PDT",Online,LocationOnline event,[1Mby1M] 584th 1Mby1M Roundtable For Entrepreneurs July 21 8:00am PDT,https://www.eventbrite.com/e/584th-1mby1m-roundtable-for-entrepreneurs-july-21-800am-pdt-tickets-373563156457?aff=ebdssbonlinesearch
"Wed, Jul 20 (4:00 PM)",Online,LocationOnline event,[Brad Currie] Business Basics with the SBA,https://www.eventbrite.com/e/business-basics-with-the-sba-tickets-219330913667?aff=ebdssbonlinesearch
"Wed, Jul 13 (10:00 AM)Wed, Aug 3 (10:00 AM)",Online,LocationOnline event,[U.S. Small Business Administration (SBA)] SBA Federal Small Business Certifications Workshop LIVE WEBINAR,https://www.eventbrite.com/e/sba-federal-small-business-certifications-workshop-live-webinar-tickets-169351602201?aff=ebdssbonlinesearch
"Thu, Jul 21 (1:00 PM)Thu, Aug 18 (1:00 PM)",Online,LocationOnline event,[Lynn Lionhood] Small Business Spotlight Networking Meeting,https://www.eventbrite.com/e/small-business-spotlight-networking-meeting-tickets-241727462347?aff=ebdssbonlinesearch
"Sat, Jul 16 (9:00 AM) [Sold Out]",Online,LocationOnline event,[Northside Economic Opportunity Network (NEON)] Thinking About Business Workshop,https://www.eventbrite.com/e/thinking-about-business-workshop-registration-53151254834?aff=ebdssbonlinesearch
"Wed, Jul 27 (6:00 PM)",Online,LocationOnline event,[Aventi Enterprises] Business Plan Writing Workshop,https://www.eventbrite.com/e/business-plan-writing-workshop-tickets-232324287197?aff=ebdssbonlinesearch
"Thu, Jul 21 (4:00 PM)",Online,LocationOnline event,[Information Experts] Information Experts Small Business Owners Roundtable,https://www.eventbrite.com/e/information-experts-small-business-owners-roundtable-tickets-191774902897?aff=ebdssbonlinesearch
"Thu, Jul 21 (10:00 AM)Thu, Aug 18 (10:00 AM)",Online,LocationOnline event,[Mike Hayes aka The NetworKing of COLLABORATIONS!] Online Virtual Business Networking & Speed Networking for New Business Dev.,https://www.eventbrite.com/e/online-virtual-business-networking-speed-networking-for-new-business-dev-tickets-174842226807?aff=ebdssbonlinesearch
,Online,LocationOnline event,"[Henning Piezunka] INSEAD Workshop: Venture Capital, Business Angels, and Starts Ups",https://www.eventbrite.com/e/insead-workshop-venture-capital-business-angels-and-starts-ups-tickets-113712017706?aff=ebdssbonlinesearch
"Thu, Jul 28 (10:00 AM)Thu, Aug 11 (10:00 AM)",Online,LocationOnline event,[SBA South Carolina District Office] Financing your Small Business,https://www.eventbrite.com/e/financing-your-small-business-tickets-230400884247?aff=ebdssbonlinesearch
"Date and timeWed, 20 July 20224:00 PM – 6:00 PM EDT",Online,LocationOnline event,[BACD Business Fundamentals: Business Planning] BACD Business Fundamentals: Business Planning,https://www.eventbrite.ca/e/bacd-business-fundamentals-business-planning-tickets-339151751017?aff=ebdssbonlinesearch
"Wed, Aug 3 (11:30 AM)",Online,LocationOnline event,[Cherished Investments] Business 101: Create a solid Foundation,https://www.eventbrite.com/e/business-101-create-a-solid-foundation-tickets-258884459387?aff=ebdssbonlinesearch
"Date and timeThu, Jul 21, 2022, 10:00 AM –Thu, Aug 4, 2022, 11:00 AM PDT",Online,LocationOnline event,[Squawques Media] FACEBOOK MARKETING TRAINING:HOW TO SCALE BUSINESS,https://www.eventbrite.com/e/facebook-marketing-traininghow-to-scale-business-tickets-245411992877?aff=ebdssbonlinesearch
"Fri, 29 Jul (19:00)",Online,LocationOnline event,[African Business Chamber (AfBC)] AfBC African Business Online Networking,https://www.eventbrite.co.uk/e/afbc-african-business-online-networking-tickets-195012546777?aff=ebdssbonlinesearch
"Wed, 13 Jul. (11:00 am)Wed, 27 Jul. (11:00 am)Wed, 10 Aug. (11:00 am)",Online,LocationOnline event,[Indigenous Business Australia] Your Business and IBA Info session,https://www.eventbrite.com.au/e/your-business-and-iba-info-session-tickets-228002119477?aff=ebdssbonlinesearch
"Thu, Aug 4 (2:00 PM)",Online,LocationOnline event,[INSPIREsmall.biz] INSPIREsmall.biz Keystone Business Connections,https://www.eventbrite.com/e/inspiresmallbiz-keystone-business-connections-tickets-227776294027?aff=ebdssbonlinesearch
"Thu, 21 Jul (10:00)",Online,LocationOnline event,[Barking Enterprise Centres] How To Start A Business For Beginners,https://www.eventbrite.co.uk/e/how-to-start-a-business-for-beginners-tickets-221862265007?aff=ebdssbonlinesearch
"Fri, Jul 15 (10:00 AM)",Online,LocationOnline event,[City of Baltimore Small Business Resource Center] CREATE A WINNING BUSINESS PLAN WEBINAR,https://www.eventbrite.com/e/create-a-winning-business-plan-webinar-registration-154620571291?aff=ebdssbonlinesearch
"Date and timeFri., 22 July 202212:00 pm – 3:00 pm AEST",Online,LocationOnline event,[Realise Business] How To Start A Business,https://www.eventbrite.com.au/e/how-to-start-a-business-tickets-346974208197?aff=ebdssbonlinesearch
"Date and timeTue, July 19, 20222:00 PM – 3:00 PM PDT",Online,LocationOnline event,[Gus Castellanos] Small Business Workshop- Understanding Business Basics,https://www.eventbrite.com/e/small-business-workshop-understanding-business-basics-tickets-376878161727?aff=ebdssbonlinesearch
"Thu, Jul 14 (4:00 PM)Thu, Jul 28 (4:00 PM)Thu, Aug 11 (4:00 PM)",Online,LocationOnline event,"[Sherrie Simmons, Operation Hope -Northridge] NO  COST Small Business Development Workshop",https://www.eventbrite.com/e/no-cost-small-business-development-workshop-tickets-253507496747?aff=ebdssbonlinesearch
"Date and timeWed., 10 August 202212:00 pm – 3:00 pm AEST",Online,LocationOnline event,[Realise Business] How To Start A Business,https://www.eventbrite.com.au/e/how-to-start-a-business-tickets-346977608367?aff=ebdssbonlinesearch
"Sun, 10 Jul (19:00)Wed, 13 Jul (17:00)Wed, 13 Jul (19:00)Thu, 14 Jul (00:00)Thu, 14 Jul (12:00)Sat, 16 Jul (13:00)Sun, 17 Jul (19:00)Wed, 20 Jul (17:00)Wed, 20 Jul (19:00)Thu, 21 Jul (00:00)Thu, 21 Jul (12:00)Sat, 23 Jul (13:00)Sun, 24 Jul (19:00)Wed, 27 Jul (17:00)Wed, 27 Jul (19:00)Thu, 28 Jul (00:00)Thu, 28 Jul (12:00)Sat, 30 Jul (13:00)Sun, 31 Jul (19:00)",Online,LocationOnline event,"[Sarah, Sara K London] Starting Up Your Online Fashion Business Masterclass",https://www.eventbrite.co.uk/e/starting-up-your-online-fashion-business-masterclass-tickets-163745823165?aff=ebdssbonlinesearch
"Date and timeTue, July 26, 20227:00 PM – 8:00 PM EDT",Online,LocationOnline event,"[Allison Sanka, AFC® - Financial Wellbeing Coach] Free Small Business Startup Workshop for Entrepreneurs & Entrepreneurship",https://www.eventbrite.com/e/free-small-business-startup-workshop-for-entrepreneurs-entrepreneurship-tickets-348053927667?aff=ebdssbonlinesearch
"Date and timeTue, July 26, 20226:00 PM – 7:30 PM EDT",Online,LocationOnline event,[Operation HOPE] Copy of Small Business Workshop: Understanding Business Basics,https://www.eventbrite.com/e/copy-of-small-business-workshop-understanding-business-basics-tickets-377805826397?aff=ebdssbonlinesearch
"Wed, Jul 20 (10:00 AM)",Online,LocationOnline event,[City of Baltimore Small Business Resource Center] GROWING YOUR BUSINESS WEBINAR,https://www.eventbrite.com/e/growing-your-business-webinar-registration-144691521235?aff=ebdssbonlinesearch
"Tue, Jul 19 (6:00 PM)Tue, Aug 16 (6:00 PM)",Online,LocationOnline event,[Operation HOPE] 1 Day - Small Business Workshop: Steps to start your business journey,https://www.eventbrite.com/e/1-day-small-business-workshop-steps-to-start-your-business-journey-tickets-354819624047?aff=ebdssbonlinesearch
"Wed, 13 Jul (2:00 PM)Wed, 20 Jul (2:00 PM)Wed, 3 Aug (2:00 PM)Wed, 17 Aug (2:00 PM)",Online,LocationOnline event,[YES Employment + Entrepreneurship] Jump Start Your Business + Financing Tips,https://www.eventbrite.ca/e/jump-start-your-business-financing-tips-tickets-224006388137?aff=ebdssbonlinesearch
"Mon, Jul 11 (9:30 AM)Mon, Jul 11 (9:00 PM)Tue, Jul 12 (9:30 AM)Tue, Jul 12 (9:00 PM)Wed, Jul 13 (9:30 AM)Wed, Jul 13 (9:00 PM)Thu, Jul 14 (9:30 AM)Thu, Jul 14 (9:00 PM)Fri, Jul 15 (9:30 AM)Fri, Jul 15 (9:00 PM)Sat, Jul 16 (9:30 AM)Sat, Jul 16 (9:00 PM)Mon, Jul 18 (9:30 AM)Mon, Jul 18 (9:00 PM)Tue, Jul 19 (9:30 AM)Tue, Jul 19 (9:00 PM)Wed, Jul 20 (9:30 AM)Wed, Jul 20 (9:00 PM)Thu, Jul 21 (9:30 AM)Thu, Jul 21 (9:00 PM)Fri, Jul 22 (9:30 AM)Fri, Jul 22 (9:00 PM)Sat, Jul 23 (9:30 AM)Sat, Jul 23 (9:00 PM)Mon, Jul 25 (9:30 AM)Mon, Jul 25 (9:00 PM)Tue, Jul 26 (9:30 AM)Tue, Jul 26 (9:00 PM)Wed, Jul 27 (9:30 AM)Wed, Jul 27 (9:00 PM)Thu, Jul 28 (9:30 AM)Thu, Jul 28 (9:00 PM)Fri, Jul 29 (9:30 AM)Fri, Jul 29 (9:00 PM)Sat, Jul 30 (9:30 AM)Sat, Jul 30 (9:00 PM)Mon, Aug 1 (9:30 AM)Mon, Aug 1 (9:00 PM)Tue, Aug 2 (9:30 AM)Tue, Aug 2 (9:00 PM)Wed, Aug 3 (9:30 AM)Wed, Aug 3 (9:00 PM)Thu, Aug 4 (9:30 AM)Thu, Aug 4 (9:00 PM)Fri, Aug 5 (9:30 AM)Fri, Aug 5 (9:00 PM)Sat, Aug 6 (9:30 AM)Sat, Aug 6 (9:00 PM)Mon, Aug 8 (9:30 AM)Mon, Aug 8 (9:00 PM)",Online,LocationOnline event,[Youth Essentials Pte Ltd] E-commerce Business for Business Owners,https://www.eventbrite.sg/e/e-commerce-business-for-business-owners-tickets-115219775450?aff=ebdssbonlinesearch
"Date and timeTue, July 19, 20224:00 PM – 5:30 PM EDT",Online,LocationOnline event,"[Dr. King McCray, Ph.D., BFA™] Small Business Development Program",https://www.eventbrite.com/e/small-business-development-program-tickets-382966321577?aff=ebdssbonlinesearch
"Date and timeTue, July 26, 20223:00 PM – 4:30 PM EDT",Online,LocationOnline event,"[Dr. King McCray, Ph.D., BFA™] Small Business Development Program",https://www.eventbrite.com/e/small-business-development-program-tickets-382980243217?aff=ebdssbonlinesearch
"Thu, Jul 14 (10:00 AM)Thu, Aug 11 (10:00 AM)",Online,LocationOnline event,[WEWLA-Women Empowering Women Living Authentically] Virtual Networking for Women in Business,https://www.eventbrite.com/e/virtual-networking-for-women-in-business-tickets-227483648717?aff=ebdssbonlinesearch
"Date and timeTue, 26 July 20222:00 PM – 3:00 PM EDT",Online,LocationOnline event,[My Main Street - Local Business Accelerator] Mastermind Session: Business Operations,https://www.eventbrite.ca/e/mastermind-session-business-operations-registration-294684769077?aff=ebdssbonlinesearch
"Fri, 5 Aug (1:00 PM)",Online,LocationOnline event,[Tina Collura] See Your Business Grow Networking Event,https://www.eventbrite.ca/e/see-your-business-grow-networking-event-tickets-250623691207?aff=ebdssbonlinesearch
"Date and timeThu., 21 July 20222:00 pm – 3:00 pm AEST",Online,LocationOnline event,[Bobby Semple] Business Services Networking - Bobby's Business Club,https://www.eventbrite.com.au/e/business-services-networking-bobbys-business-club-tickets-347758243267?aff=ebdssbonlinesearch
"Date and timeMon, July 25, 202210:00 AM – 10:45 AM PDT",Online,LocationOnline event,[SBA - Los Angeles District Office] How to Start a Business,https://www.eventbrite.com/e/how-to-start-a-business-tickets-383160061057?aff=ebdssbonlinesearch
"Wed, Jul 13 (3:00 PM)Wed, Jul 20 (3:00 PM)Wed, Jul 27 (3:00 PM)Wed, Aug 3 (3:00 PM)Wed, Aug 10 (3:00 PM)Wed, Aug 17 (3:00 PM)",Online,LocationOnline event,[Forward Business Coalition] Networking for Franchise Business Owners,https://www.eventbrite.com/e/networking-for-franchise-business-owners-tickets-382582633957?aff=ebdssbonlinesearch
